wall_ms,elapsed_ms,event,level,plugged,wifi
1799999990000,90000,service_start,97,false,true
1800000000000,100000,screen_off,97,false,true
1800028800000,28900000,screen_on,89,false,true
1800028900000,29000000,screen_off,89,false,true
1800061300000,61400000,screen_on,88,true,true
1800061400000,61500000,screen_off,88,false,true
1800068600000,68700000,screen_on,87,false,true
1800068700000,68800000,screen_off,87,false,true
1800083100000,83200000,service_start,85,false,true
1800097500000,97600000,screen_on,83,false,true
